{
  "interpretation": "The image showcases a modern, multi-story building with a distinctive architectural style. The building features a stepped design, with multiple rectangular sections stacked on top of each other. The facade incorporates large glass windows and blue accents. The text \"STATE LIFE\" is visible on the building. The surrounding environment includes trees, a metal fence, and palm trees, suggesting a warm climate. The presence of the text \"STATE LIFE\" points to Pakistan.",
  "locations": [
    {
      "country": "Pakistan",
      "state": null,
      "city": "Karachi",
      "confidence": "High",
      "coordinates": {
        "latitude": 24.8607,
        "longitude": 67.0011
      },
      "explanation": "The building's architecture, combined with the 'STATE LIFE' signage, strongly suggests a location in Pakistan. The presence of palm trees and the general aesthetic of the building are consistent with the climate and urban landscape of Karachi. The State Life Insurance Corporation of Pakistan has a significant presence in Karachi, and the building's design aligns with modern architectural trends common in the city."
    }
  ]
}